vnd_id,l3_fmly_nm,l1_fmly_id,l1_fmly_nm
vnd1234,hyatt,100049,hyatt enterprises
vnd3983,hyatt enterprises,100059,hyatt
vnd2983,Key Lawmakers,102393,Law Eagles
vnd9238,Grand Hyatt,342433,HI Holdings Zurich
vnd2364,whyattelsburg inc.,9999,family corporation
vnd2345,Ernst & Young,01928,ERNST & YOUNG LLP
vnd2393,ey law,01928,ERNST & Young Global Limited
vnd9028,Sheyelles,03894,Sheyelles Inc.
vnd0289,Eyes Marketplace,08242,Eyeballs Corp
vnd9038,bernstein & gropple,00029,bernstein and gropple
vnd0239,E Y marketplace,00021,eagle youth inc
vnd3923,Key law companies,00192,Law Eagles Inc
vnd7113,EYS EQUIPO Y SOLUCIONES SC,01929,Equipo Y Soluciones SC
vnd9211,eys equiport,00012,lintech solutions
vnd4233,los eys equipo soluciones,0012,los equipo y soluciones.
vnd88112,hyatt hotel phoenix,88112,Blyatt Hotel Phoenix
vnd88102,equiport technologies,88102,lintech solutions
vnd88054,applebaum corp,88001,applebaum corp
vnd88011,Keysons Lawmak and Ersy,88011,Keyson Lawmak and Ersy
vnd88091,Sheyelles marketplace,88449,Sheyelles Holdings LLP
vnd88449,Fried Corndogs Incorporated,00021,eagle youth inc
vnd77001,Meridian Logistics,55010,Meridian Holdings
vnd77002,Meridian Logistics,55003,Meridian Group LLC
vnd77003,Meridian Logistics,55201,Meridian Parent Co
vnd77010,meridian logistics corp,55444,Meridian Overseas
vnd66001,Cobalt Partners,44100,Cobalt Parent A
vnd66002,Cobalt Partners,44100,Cobalt Parent B
vnd55001,Tundra Freight,33005,Tundra Holdings
vnd55002,tundra freight,33900,Tundra Group
vnd5001,Quartz Milling,700,Quartz Parent Co
vnd5002,Quartz Milling,100,Quartz Group LLC
vnd6001,Basalt Works,900,Basalt Parent Hi
vnd6003,Basalt Works,500,Basalt Parent Mid
vnd6004,Basalt Works,100,Basalt Parent Lo
vnd7001,Onyx Terminal Services,800,Onyx Holdings
vnd7002,onyx terminal services llc,30,Onyx Group Intl